0.053550005	0.94645
0.1392064	0.86079365
0.9995222	0.00047774136
0.0009947153	0.99900526
0.9982906	0.0017093801
0.0013593076	0.9986407
0.99952066	0.00047937376
0.9994349	0.00056503544
0.9992167	0.0007832611
0.0009827815	0.99901724
0.0011569649	0.99884295
0.9995067	0.00049329083
0.9985923	0.0014076277
0.9994703	0.00052972307
0.9993318	0.0006681994
0.9993073	0.0006927694
0.99872285	0.0012770757
0.9995127	0.00048730543
0.9989466	0.0010533851
0.9993043	0.0006956798
0.8904921	0.10950789
0.9994056	0.0005943615
0.999461	0.00053906767
0.9994962	0.0005037582
0.99952376	0.0004762021
0.99947053	0.00052954134
0.9942215	0.005778468
0.027316393	0.9726836
0.0026770055	0.997323
0.001025414	0.99897456
0.06938711	0.9306129
0.99947315	0.0005268965
0.9003858	0.099614255
0.0026381072	0.99736184
0.9993616	0.00063848245
0.9994779	0.0005221006
0.999483	0.000516992
0.6835397	0.31646028
0.999435	0.00056501257
0.0009866509	0.9990133
0.9995054	0.0004945492
0.011299139	0.98870087
0.9995103	0.00048966566
0.25123185	0.74876815
0.0018590594	0.99814093
0.9994273	0.0005727183
0.99951434	0.00048563466
0.0010049844	0.998995
0.0012445622	0.99875546
0.16712809	0.832872
0.9989335	0.0010665476
0.99951816	0.00048182422
0.0037598514	0.99624014
0.22497058	0.77502936
0.0019224188	0.99807763
0.0020819907	0.99791807
0.0010100949	0.9989899
0.9994611	0.00053891714
0.022557314	0.97744274
0.24928482	0.7507152
0.9995171	0.000482878
0.99942744	0.0005725373
0.0054040337	0.99459594
0.9995096	0.0004904554
0.0013658719	0.99863416
0.9995074	0.0004925564
0.99952686	0.00047317636
0.99925476	0.0007452651
0.99952626	0.00047378973
0.99947125	0.00052879914
0.0009820038	0.99901795
0.9994905	0.00050953135
0.0020528133	0.99794716
0.0013844734	0.9986155
0.0010212206	0.99897885
0.99951255	0.00048738995
0.25089484	0.7491052
0.9994974	0.00050257763
0.9990729	0.0009271071
0.010485597	0.98951435
0.026960572	0.97303945
0.99948645	0.00051347463
0.99952686	0.00047317118
0.96984136	0.030158613
0.99952376	0.00047622388
0.999311	0.00068908173
0.9994904	0.00050960615
0.001414508	0.99858546
0.0009910662	0.9990089
0.998483	0.0015170361
0.99946684	0.000533221
0.0009784385	0.99902153
0.9995208	0.00047917958
0.9995247	0.00047526066
0.039340585	0.96065944
0.9995048	0.0004952224
0.0017139569	0.99828607
0.4608852	0.5391148
0.0016112208	0.99838877
0.000989617	0.9990103
0.99857354	0.0014264446
0.9994579	0.0005421553
0.99946445	0.0005356172
0.9994881	0.0005119118
0.0009793908	0.9990206
0.0037770276	0.996223
0.999456	0.00054400996
0.9994773	0.00052266824
0.005116092	0.99488384
0.86341625	0.1365837
0.9995215	0.00047854832
0.9995092	0.000490798
0.0012172903	0.9987827
0.0012193379	0.99878067
0.0009867221	0.9990133
0.0021067737	0.9978933
0.9990613	0.000938767
0.0018083327	0.99819165
0.99951446	0.0004854919
0.0010175278	0.9989825
0.99946576	0.00053423794
0.0038050236	0.99619496
0.99942917	0.0005708165
0.999521	0.00047896995
0.9990097	0.0009902521
0.99952626	0.00047369645
0.0026847185	0.9973152
0.999328	0.00067196105
0.9994629	0.00053705415
0.9986505	0.0013495402
0.9875616	0.012438378
0.0011617263	0.99883825
0.0009870153	0.99901295
0.9995005	0.0004994172
0.99946886	0.0005311714
0.9995221	0.0004778912
0.9995096	0.00049047393
0.0011234328	0.9988765
0.99951625	0.00048374734
0.9994535	0.0005465322
0.9992878	0.0007122348
0.9989562	0.0010437204
0.0014929565	0.99850696
0.0010281105	0.99897194
0.99948174	0.0005183369
0.9992473	0.00075273967
0.99936014	0.0006398225
0.9992706	0.00072939415
0.010295898	0.9897041
0.0010223405	0.99897766
0.0009734668	0.99902654
0.0011589515	0.9988411
0.999527	0.00047306565
0.0020088074	0.9979912
0.9993795	0.00062045455
0.9993895	0.0006104011
0.0014906027	0.99850935
0.99950576	0.0004942485
0.99935275	0.00064721593
0.9992124	0.00078761607
0.9983278	0.0016722088
0.0010937226	0.99890625
0.002747972	0.99725205
0.99950385	0.000496113
0.9993666	0.00063339487
0.0010000503	0.999
0.99952936	0.00047066802
0.99943477	0.0005652623
0.9995245	0.0004755081
0.99951947	0.00048050645
0.99950504	0.0004949477
0.9995209	0.00047915243
0.0010032243	0.9989968
0.9995096	0.00049040583
0.0010412079	0.9989588
0.85552365	0.14447632
0.15715355	0.84284645
0.0011578448	0.9988422
0.9995152	0.00048481187
0.9331717	0.06682824
0.001031882	0.9989681
0.99945515	0.00054490415
0.9983827	0.001617281
0.0010283034	0.9989717
0.0012050436	0.9987949
0.99450266	0.005497321
0.99947315	0.0005268116
0.0014690092	0.998531
0.99950373	0.000496271
0.9607531	0.03924694
0.9994665	0.0005335726
0.0010147546	0.99898523
0.99950147	0.00049850333
0.9943797	0.005620351
0.99952316	0.00047680756
0.99952507	0.00047494457
0.99950564	0.0004943923
0.34508586	0.65491414
0.9993736	0.00062646734
0.97261333	0.027386647
0.99944943	0.0005505969
0.9983859	0.0016140991
0.0010111264	0.9989888
0.99951804	0.0004819765
0.0014094946	0.9985905
0.9995091	0.0004909028
0.9995065	0.00049357815
0.0010185334	0.9989814
0.960316	0.039684057
0.9995233	0.00047671938
0.9882913	0.011708702
0.70645857	0.2935414
0.0058798725	0.99412006
0.99951327	0.00048668197
0.001810885	0.99818915
0.0010144217	0.9989856
0.99947315	0.0005268629
0.9995254	0.00047459974
0.9994998	0.0005001616
0.9995009	0.0004991729
0.9985721	0.0014278825
0.99951553	0.00048444458
0.0013027831	0.9986972
0.0009888437	0.99901116
0.0014858609	0.9985141
0.99951375	0.0004862693
0.99951994	0.0004800118
0.999514	0.00048601584
0.0010330683	0.99896693
0.9995233	0.00047670034
0.99841523	0.0015847092
0.99950707	0.0004928788
0.0009691059	0.99903095
0.9989471	0.0010528914
0.0010356915	0.9989643
0.9990403	0.00095963984
0.2502184	0.74978167
0.9994382	0.00056170864
0.0013817303	0.99861825
0.008107236	0.9918928
0.16951242	0.83048755
0.9993894	0.00061058154
0.31176034	0.6882397
0.99947804	0.00052202353
0.9994672	0.0005328542
0.0009884519	0.9990115
0.9986897	0.0013103031
0.99799734	0.00200258
0.92830235	0.07169764
0.001194458	0.9988055
0.0009978646	0.99900216
0.0017060416	0.99829394
0.99951756	0.0004823954
0.9995202	0.00047980712
0.9990049	0.0009951167
0.9976241	0.002375956
0.99946624	0.0005338272
0.9941034	0.005896586
0.9995216	0.0004783403
0.0018020218	0.998198
0.0060632466	0.99393684
0.99942976	0.00057026296
0.0017569688	0.9982431
0.99943656	0.0005633915
0.9994568	0.0005432364
0.001021696	0.9989784
0.0009799704	0.99902
0.9995241	0.00047584996
0.0009918578	0.9990081
0.99951553	0.0004845056
0.999458	0.00054202194
0.0010168208	0.9989832
0.999488	0.0005119852
0.99950683	0.00049317844
0.0009990056	0.99900097
0.9504921	0.049507935
0.8909684	0.10903159
0.9992409	0.000759101
0.001004413	0.9989956
0.73573273	0.26426724
0.9994361	0.0005638878
0.0012019691	0.998798
0.0010976056	0.99890244
0.0019226192	0.9980774
0.99902964	0.0009703785
0.0009973343	0.99900264
0.68030995	0.31969005
0.9960735	0.00392652
0.9839125	0.016087525
0.9994198	0.0005801539
0.0009893931	0.99901056
0.9994413	0.00055868307
0.99868137	0.0013186146
0.9995184	0.0004815689
0.0010044201	0.9989956
0.99643874	0.0035612972
0.0014377368	0.9985623
0.9995065	0.00049353886
0.0038743748	0.99612564
0.99947864	0.0005213944
0.99927574	0.00072428165
0.99952745	0.00047258454
0.99951684	0.00048315935
0.0010359174	0.9989641
0.0010460748	0.99895394
0.0011147319	0.99888533
0.9995053	0.0004946794
0.0011881329	0.99881184
0.99932516	0.00067482336
0.0010437588	0.9989562
0.00166956	0.9983304
0.98791635	0.012083621
0.99952066	0.000479302
0.99949574	0.0005042643
0.24940892	0.75059116
0.0010675741	0.9989324
0.95406014	0.0459399
0.99747545	0.0025245948
0.0012324343	0.9987676
0.0010887006	0.99891126
0.99952817	0.00047183395
0.9995004	0.000499581
0.073790304	0.9262097
0.9995196	0.0004803961
0.09515205	0.9048479
0.9995117	0.00048834056
0.0010471127	0.99895287
0.99941385	0.00058621843
0.9994979	0.0005021443
0.001047448	0.9989525
0.9995109	0.00048913533
0.0010153707	0.99898463
0.28345945	0.7165406
0.99728334	0.0027166072
0.0010634996	0.9989365
0.99952126	0.00047876275
0.9995171	0.00048288956
0.99952984	0.0004701335
0.9995227	0.0004773367
0.99939394	0.00060601876
0.9723169	0.027683044
0.0010126526	0.9989874
0.0018985132	0.99810153
0.0027043903	0.99729556
0.004208554	0.99579144
0.99950147	0.00049852615
0.003624779	0.99637526
0.0028920742	0.9971079
0.99950635	0.00049367605
0.07445641	0.9255436
0.0009794483	0.9990206
0.99952483	0.00047520795
0.0040656766	0.99593425
0.9995222	0.000477819
0.9994493	0.0005506869
0.001063139	0.99893683
0.0010196661	0.99898034
0.0019946347	0.99800533
0.6968435	0.30315644
0.002775581	0.99722445
0.99947995	0.00052005186
0.9995285	0.00047152708
0.9995235	0.0004765127
0.0011446008	0.99885535
0.0009919934	0.999008
0.9990754	0.00092451327
0.0010410838	0.99895895
0.99952376	0.00047623614
0.0010325118	0.9989675
0.1883944	0.81160563
0.0010033806	0.9989967
0.02385546	0.9761445
0.99952316	0.0004768246
0.9986975	0.0013024184
0.99946564	0.00053440704
0.00279308	0.99720687
0.999529	0.0004710284
0.99937063	0.0006294286
0.0010038118	0.9989962
0.0010185849	0.9989814
0.025973866	0.9740261
0.9907369	0.009263129
0.99949765	0.0005023464
0.95520246	0.044797562
0.9991854	0.0008145501
0.9993049	0.00069506647
0.99939835	0.00060165004
0.0169384	0.98306155
0.006505311	0.9934947
0.99949765	0.0005023298
0.9994802	0.0005198254
0.99936014	0.0006398353
0.99814594	0.0018540933
0.001095416	0.9989046
0.00102053	0.9989794
0.9994992	0.0005007812
0.999524	0.00047599582
0.00909526	0.99090475
0.0010077241	0.99899226
0.16744812	0.8325519
0.0012697162	0.99873024
0.99948657	0.00051340123
0.9995127	0.00048733028
0.001259615	0.9987404
0.9990716	0.0009284146
0.722716	0.27728403
0.9995154	0.0004846021
0.9932393	0.00676077
0.99951136	0.00048869546
0.0013400734	0.99865997
0.0023877716	0.99761224
0.9981864	0.0018135944
0.0010343806	0.9989656
0.5065364	0.4934636
0.0010107153	0.9989893
0.0009932616	0.9990068
0.11934632	0.88065374
0.0019404219	0.9980596
0.9979565	0.0020434298
0.8612713	0.13872868
0.0036776597	0.9963224
0.0010059202	0.99899405
0.0009821662	0.99901783
0.9994179	0.0005820972
0.9995123	0.00048772857
0.0012612519	0.9987387
0.99951804	0.00048198635
0.004468688	0.9955314
0.99951124	0.000488773
0.99952793	0.00047203747
0.99916244	0.0008375663
0.001077982	0.998922
0.14913508	0.85086495
0.04572356	0.95427644
0.08404388	0.9159561
0.089823216	0.9101768
0.0010939226	0.998906
0.9994221	0.0005779871
0.9995167	0.00048327036
0.9975458	0.0024541868
0.9992619	0.0007380996
0.0010681516	0.9989318
0.9994666	0.00053343043
0.016010718	0.9839893
0.9992482	0.00075173954
0.9995159	0.00048408963
0.0023225106	0.9976775
0.9995055	0.00049443846
0.027183551	0.97281647
0.9979842	0.0020158072
0.0020585535	0.99794143
0.00161335	0.9983866
0.9994967	0.00050327845
0.9980287	0.00197125
0.99952567	0.0004743754
0.0011005602	0.99889946
0.0010154219	0.9989845
0.008379054	0.9916209
0.999316	0.0006840194
0.99951994	0.00048011233
0.99937797	0.000622001
0.99941766	0.0005824
0.003967607	0.9960324
0.000989197	0.9990108
0.9993814	0.00061854627
0.001002402	0.9989976
0.97436494	0.025635058
0.9994905	0.0005094216
0.99859565	0.0014043194
0.9994968	0.00050313
0.9995204	0.00047961235
0.9995234	0.00047665762
0.0010675539	0.9989324
0.99918014	0.0008198809
0.44616613	0.55383384
0.99949753	0.0005024598
0.0009798724	0.9990201
0.9984652	0.0015348303
0.99929905	0.0007009686
0.057231013	0.94276905
0.98721576	0.012784271
0.0014070871	0.9985929
0.0018069433	0.9981931
0.9995289	0.00047116203
0.9995233	0.00047670305
0.99952126	0.00047872507
0.035471793	0.9645282
0.99952924	0.00047080536
0.99952257	0.00047748073
0.9995254	0.00047457733
0.9995171	0.000482884
0.9992623	0.0007377079
0.9985158	0.001484164
0.99913234	0.00086771144
0.940122	0.059878044
0.9994306	0.00056942116
0.9988274	0.0011725471
0.9994773	0.00052272115
0.0010861482	0.9989139
0.9994758	0.00052425044
0.0026359176	0.9973641
0.99948126	0.0005187681
0.0036989176	0.99630105
0.9995074	0.00049259915
0.9884693	0.011530753
0.99947244	0.0005275916
0.99952066	0.00047931346
0.9993906	0.00060939876
0.97131664	0.028683396
0.99791235	0.0020876373
0.0010417198	0.99895823
0.9993074	0.0006926546
0.9993837	0.0006162575
0.078983724	0.9210163
0.039982166	0.96001786
0.99952114	0.000478865
0.9995289	0.00047109733
0.0013348171	0.9986652
0.9995022	0.00049779465
0.0010556334	0.99894434
0.9995215	0.0004785328
0.023798808	0.9762012
0.0010428751	0.99895716
0.0010114787	0.99898857
0.9995067	0.00049333926
0.0015945345	0.9984055
0.0014466605	0.99855334
0.9994733	0.00052677054
0.99947494	0.00052505557
0.015768168	0.9842318
0.9979371	0.0020629615
0.04204755	0.9579525
0.0014247544	0.9985752
0.014668506	0.98533154
0.999398	0.0006020103
0.0022512334	0.9977488
0.00097464904	0.99902534
0.9995159	0.0004840769
0.9995221	0.00047791557
0.8381177	0.16188228
0.99942434	0.00057566556
0.0010141521	0.9989858
0.9993882	0.00061179494
0.99928755	0.000712505
0.35010883	0.64989114
0.0013156541	0.99868435
0.0010878174	0.9989122
0.11588291	0.88411707
0.9995301	0.00046993818
0.99949396	0.0005059769
0.9993711	0.00062885287
0.99952483	0.00047514588
0.998979	0.0010210853
0.0016821784	0.99831784
0.99535817	0.0046418593
0.99952626	0.00047379133
0.0023991375	0.99760085
0.3695392	0.6304608
0.0022782832	0.99772173
0.24887218	0.75112784
0.9995136	0.00048639727
0.013166961	0.98683304
0.9994986	0.0005013561
0.0021708328	0.99782914
0.0010058767	0.9989942
0.99952006	0.0004799947
0.99836725	0.0016327439
0.9995152	0.00048487104
0.99952793	0.00047205208
0.7827405	0.21725945
0.7476334	0.25236663
0.9995177	0.00048227495
0.999463	0.0005369715
0.0010264922	0.9989735
0.99952173	0.00047823635
0.9995047	0.0004953636
0.0016512823	0.9983487
0.99952686	0.00047315925
0.97739524	0.02260482
0.8867392	0.11326072
0.0010252417	0.9989748
0.9994747	0.00052529114
0.0058394186	0.9941606
0.0009919334	0.9990081
0.0010008948	0.99899906
0.0014244805	0.99857557
0.0010162625	0.9989837
0.99951994	0.0004800798
0.9966988	0.0033011339
0.0015078627	0.9984921
0.99929774	0.00070222287
0.99950397	0.0004960376
0.999521	0.00047896607
0.0013607957	0.99863917
0.99951327	0.00048678365
0.99716187	0.002838219
0.99949455	0.0005053965
0.99952173	0.0004782984
0.0011420574	0.998858
0.99946195	0.000538023
0.9995153	0.00048471504
0.24944508	0.75055486
0.44539505	0.55460495
0.99948704	0.00051297224
0.9983589	0.0016410414
0.99937564	0.000624378
0.9995036	0.0004963568
0.0009739111	0.99902606
0.9994325	0.00056752365
0.9994438	0.0005561971
0.9995121	0.00048796038
0.9995048	0.0004951289
0.91668147	0.083318524
0.99953103	0.0004690371
0.0015914941	0.9984085
0.99951136	0.00048868585
0.0011466197	0.9988533
0.0048420033	0.995158
0.0010357625	0.9989642
0.001045724	0.9989543
0.9995167	0.00048325767
0.012253596	0.98774636
0.9994247	0.0005753491
0.999522	0.0004780477
0.99950624	0.00049371837
0.99941397	0.00058602734
0.99952734	0.00047262144
0.99951077	0.00048919965
0.9992111	0.00078888214
0.99951494	0.00048512
0.99951696	0.00048309122
0.9994531	0.00054687844
0.008986762	0.9910132
0.9995266	0.00047345067
0.60882944	0.3911705
0.9995078	0.0004922265
0.0009824843	0.9990175
0.99886984	0.0011301297
0.15260646	0.8473936
0.0010064427	0.9989936
0.9994282	0.00057175424
0.022013228	0.97798675
0.01653093	0.9834691
0.99952364	0.00047637417
0.91733897	0.082661
0.9995266	0.00047334458
0.9995127	0.00048737632
0.99946374	0.00053621834
0.99814546	0.0018545329
0.0022605676	0.99773943
0.92023647	0.07976351
0.0009766252	0.9990233
0.9842867	0.015713293
0.9993531	0.00064687425
0.07828119	0.9217188
0.9994778	0.00052225444
0.00416929	0.9958307
0.9993142	0.0006857638
0.0009966951	0.99900335
0.9994825	0.00051750033
0.018890418	0.9811096
0.99950314	0.0004968333
0.9995189	0.0004810839
0.99950445	0.00049555674
0.99951744	0.00048260816
0.0020331796	0.9979668
0.0024498212	0.9975502
0.9995264	0.00047366283
0.99937016	0.0006299021
0.9992155	0.00078448205
0.9984224	0.0015776183
0.0018463755	0.9981536
0.99937385	0.0006262064
0.99951637	0.0004836888
0.0009921285	0.9990079
0.003946516	0.99605346
0.9519353	0.048064757
0.0010115568	0.99898845
0.00097510143	0.99902487
0.0009919055	0.9990081
0.999526	0.00047400835
0.9995073	0.0004927358
0.0010611797	0.99893886
0.9994429	0.0005570806
0.9991326	0.0008673972
0.99950814	0.00049180974
0.014632381	0.9853676
0.9995091	0.00049090886
0.0066012875	0.99339867
0.999496	0.0005040058
0.9995148	0.00048523958
0.99952865	0.0004714107
0.999506	0.0004939794
0.0011272138	0.9988728
0.001137759	0.99886227
0.99947196	0.0005280726
0.29564112	0.7043588
0.9966274	0.0033725388
0.009923382	0.9900766
0.84757704	0.15242298
0.9926893	0.007310709
0.99760807	0.0023919768
0.9995067	0.0004932273
0.04462612	0.9553739
0.99933004	0.00066995225
0.9995222	0.00047783772
0.036636025	0.96336395
0.99953246	0.00046760077
0.0029747945	0.9970252
0.9987484	0.0012515796
0.0021270532	0.99787295
0.9995184	0.00048155533
0.0010232165	0.9989768
0.0010283544	0.9989717
0.9995183	0.00048176612
0.99952066	0.00047937196
0.99908197	0.00091799843
0.9975454	0.0024545137
0.9981932	0.0018068539
0.9995066	0.00049338717
0.0010696093	0.9989304
0.75094837	0.24905163
0.0012415418	0.99875844
0.9995042	0.00049573573
0.999522	0.0004779798
0.9994936	0.00050632906
0.73894525	0.26105475
0.99945027	0.0005497776
0.001897088	0.9981029
0.9994886	0.00051136216
0.99923146	0.0007685929
0.9994815	0.0005185041
0.99925584	0.000744114
0.25636628	0.74363375
0.0010077471	0.99899226
0.9995159	0.00048407624
0.0010452465	0.9989548
0.9995159	0.00048410622
0.9995018	0.0004982148
0.99434066	0.005659377
0.99887794	0.0011221046
0.99951077	0.0004892841
0.00100718	0.99899286
0.9955959	0.0044041527
0.9995204	0.00047954055
0.0044918335	0.9955082
0.0018431119	0.99815685
0.9993174	0.00068264274
0.99860364	0.001396391
0.0010137208	0.9989863
0.99905723	0.0009428015
0.0010018693	0.9989981
0.9995254	0.00047461284
0.9995096	0.00049042853
0.9995066	0.0004934154
0.99948114	0.0005189259
0.99950194	0.00049808325
0.9993869	0.0006131077
0.006741262	0.9932587
0.9993298	0.0006702521
0.0009930198	0.99900705
0.0013940929	0.9986059
0.0009818727	0.9990181
0.12326311	0.8767369
0.0013631417	0.9986369
0.00097067124	0.9990294
0.0010090744	0.99899095
0.9993286	0.0006714477
0.99936503	0.0006349748
0.0021730845	0.9978269
0.99951994	0.00048007202
0.99905485	0.0009451137
0.015913926	0.98408616
0.0019918953	0.9980081
0.88483673	0.11516322
0.9994624	0.0005375366
0.72583306	0.27416694
0.9995271	0.0004729419
0.9992731	0.00072682713
0.9995159	0.00048413256
0.0014173181	0.9985827
0.03123062	0.9687694
0.0026466423	0.9973533
0.99945706	0.00054291537
0.0010037458	0.9989963
0.9994924	0.0005075754
0.9989058	0.0010942338
0.0010081163	0.9989919
0.99856323	0.0014368062
0.99930644	0.0006935555
0.9988669	0.0011330968
0.9984742	0.0015257732
0.99952805	0.00047199408
0.99952483	0.00047522943
0.9993425	0.0006575186
0.0014809368	0.9985191
0.0011369588	0.9988631
0.0009831904	0.99901676
0.9995097	0.00049034867
0.9992137	0.0007863352
0.0017190978	0.9982809
0.998041	0.0019590298
0.99454814	0.005451844
0.9705091	0.029490953
0.999519	0.00048100276
0.9994411	0.0005589254
0.22932446	0.77067554
0.0013935096	0.9986065
0.9995202	0.00047977074
0.9178832	0.0821168
0.24944635	0.75055367
0.0009926992	0.9990073
0.9994804	0.0005196411
0.9444927	0.05550738
0.999498	0.0005020179
0.032305088	0.96769494
0.0009705602	0.9990294
0.0010214866	0.9989785
0.00100248	0.9989975
0.00097288773	0.99902713
0.9994708	0.0005292638
0.0010137463	0.9989862
0.99917704	0.00082296995
0.249035	0.750965
0.056124277	0.94387573
0.0009987208	0.9990013
0.0112689575	0.9887311
0.9988751	0.0011248677
0.99952185	0.0004781343
0.99940336	0.00059669925
0.9995204	0.0004796309
0.99920684	0.0007931859
0.0010353393	0.99896467
0.0010861772	0.9989139
0.0016533949	0.99834657
0.001000861	0.9989992
0.99944645	0.0005535685
0.99952614	0.00047391574
0.9994122	0.000587841
0.99950397	0.0004960762
0.00099544	0.99900454
0.005090585	0.99490947
0.0015289044	0.9984711
0.0057139043	0.9942861
0.0059092026	0.99409074
0.0009905212	0.9990095
0.99896514	0.0010348256
0.007034021	0.99296594
0.0010528995	0.9989471
0.001012302	0.99898773
0.11421133	0.8857886
0.99927	0.00073002075
0.000989378	0.99901056
0.0009803749	0.9990196
0.9994885	0.00051144965
0.9994979	0.000502071
0.0009777462	0.99902225
0.99951065	0.00048939744
0.99951804	0.00048200935
0.9995192	0.0004808121
0.99951625	0.00048371506
0.0010113693	0.99898857
0.99915016	0.00084979885
0.9995215	0.0004784639
0.0009874522	0.9990125
0.0011077378	0.99889225
0.9993704	0.00062968064
0.0010037324	0.9989963
0.99951494	0.00048509432
0.005592438	0.99440753
0.020297732	0.9797023
0.99952126	0.00047873627
0.0009945628	0.9990055
0.9978302	0.0021697609
0.9995084	0.00049166003
0.99936277	0.00063718844
0.008945917	0.9910541
0.9995152	0.00048481673
0.006425372	0.9935747
0.0010955929	0.99890435
0.9995129	0.00048710042
0.99950147	0.00049855304
0.9179035	0.08209647
0.9988674	0.001132672
0.99796945	0.0020305205
0.0009951788	0.9990049
0.99950266	0.0004973199
0.9995216	0.00047838388
0.81185645	0.18814358
0.0009852618	0.99901474
0.0011404835	0.9988595
0.9995198	0.0004802116
0.9995053	0.0004947603
0.99950707	0.00049287715
0.0015854827	0.9984145
0.99941325	0.0005867478
0.0013955835	0.9986045
0.9995315	0.0004685395
0.9994868	0.0005131813
0.23812887	0.76187116
0.0018846885	0.9981153
0.00096811703	0.9990319
0.57910514	0.4208949
0.0009843657	0.99901557
0.999508	0.0004919769
0.0009773504	0.9990226
0.34721234	0.6527876
0.99951506	0.00048494452
0.99936384	0.00063620636
0.9994894	0.0005105364
0.9994868	0.00051320356
0.999424	0.00057606795
0.0010052827	0.99899477
0.001023896	0.9989761
0.99875104	0.0012489877
0.26114354	0.73885643
0.9986022	0.0013977587
0.2769217	0.7230783
0.0010495922	0.9989504
0.9990044	0.0009956079
0.8966255	0.103374496
0.99940825	0.000591745
0.0010078509	0.99899215
0.9937968	0.0062031434
0.9995241	0.0004758999
0.999516	0.00048401745
0.0056999233	0.9943
0.70915544	0.29084462
0.21525657	0.7847434
0.9994974	0.0005025755
0.0012298661	0.99877006
0.24921145	0.7507885
0.0010590643	0.998941
0.0036634125	0.9963366
0.99914694	0.00085309247
0.001029287	0.99897075
0.99863476	0.0013652536
0.92047197	0.079528056
0.0011954927	0.99880445
0.9991584	0.00084158103
0.9992914	0.0007085185
0.9995004	0.00049953855
0.79563206	0.20436801
0.9987692	0.0012307885
0.0062433057	0.99375665
0.99950576	0.00049421063
0.0010592802	0.99894077
0.99949396	0.0005060845
0.9995338	0.00046623166
0.0096533345	0.9903467
0.10157604	0.89842397
0.0012224161	0.99877757
0.012447472	0.9875525
0.007667155	0.9923328
0.42397493	0.57602507
0.84604645	0.15395354
0.0010477757	0.99895215
0.9995104	0.00048958545
0.0009866519	0.9990133
0.9986815	0.0013185431
0.0010207512	0.9989793
0.9994961	0.00050388114
0.014731299	0.98526865
0.0067640305	0.993236
0.00462807	0.9953719
0.9995283	0.00047176582
0.99950874	0.0004913008
0.9995084	0.0004916488
0.9994993	0.0005007011
0.5201099	0.47989008
0.0010580054	0.99894196
0.99948514	0.0005148818
0.99952495	0.00047508292
0.0009744123	0.9990256
0.0021926768	0.9978073
0.9995221	0.00047795638
0.002182405	0.99781764
0.9994777	0.0005222923
0.99952257	0.0004774789
0.99949753	0.0005024737
0.99932003	0.0006800127
0.0010564182	0.9989436
0.995464	0.0045360154
0.99952364	0.00047640732
0.99139374	0.008606209
0.0010470568	0.99895287
0.9994836	0.00051640294
0.0048135617	0.9951865
0.99951196	0.000488079
0.005478007	0.994522
0.9994778	0.00052217825
0.9982293	0.0017706358
0.0012826291	0.9987174
0.0009739492	0.99902606
0.0012473845	0.9987526
0.9988794	0.0011206511
0.99946827	0.00053178763
0.9994967	0.00050327677
0.9995253	0.0004746875
0.999448	0.0005520307
0.99950695	0.000493009
0.0010574562	0.99894255
0.99881977	0.001180192
0.0011023602	0.9988977
0.9995277	0.0004723375
0.9989261	0.0010738882
0.9994282	0.00057179347
0.9992385	0.000761516
0.001398587	0.9986014
0.9995265	0.00047351676
0.99941874	0.0005813143
0.9995215	0.00047849034
0.9995227	0.00047738221
0.9995111	0.00048884324
0.99950707	0.00049295375
0.99951863	0.00048134357
0.025776682	0.97422326
0.9995229	0.00047705352
0.9961326	0.0038674471
0.0009632876	0.9990368
0.0013390062	0.99866104
0.9995066	0.00049336697
0.9993593	0.0006406704
0.029510897	0.9704891
0.9995227	0.00047733603
0.9990408	0.0009592213
0.0009996498	0.9990004
0.99952114	0.00047887917
0.0009822606	0.9990177
0.99831736	0.0016826807
0.0009948849	0.99900514
0.99901175	0.0009882344
0.0009900201	0.99900997
0.99952567	0.00047438266
0.23024201	0.7697579
0.0013146126	0.9986854
0.9995208	0.00047922434
0.9995127	0.00048733983
0.68290836	0.31709164
0.0010099048	0.9989901
0.9994823	0.00051772874
0.0009987112	0.9990013
0.99951243	0.00048762583
0.00097517576	0.99902487
0.00931314	0.99068683
0.9993474	0.00065254804
0.94560325	0.05439679
0.99952567	0.00047435914
0.008288788	0.99171114
0.9995241	0.000475931
0.99950135	0.00049864495
0.24940486	0.75059515
0.9995235	0.00047646114
0.99948657	0.00051338313
0.9991295	0.0008705282
0.99950373	0.0004962315
0.9815576	0.0184424
0.0010241272	0.9989759
0.9994779	0.0005220922
0.0013280103	0.998672
0.011284365	0.9887157
0.99948525	0.00051466736
0.001061665	0.9989384
0.025717534	0.97428244
0.035226688	0.96477324
0.0014362308	0.9985638
0.9995128	0.00048719117
0.99951494	0.00048504968
0.001210453	0.9987896
0.99888796	0.0011120463
0.0009830415	0.999017
0.999476	0.0005239966
0.9995241	0.00047586154
0.0044961255	0.99550384
0.9994911	0.0005088615
0.000990305	0.9990096
0.99952745	0.00047250296
0.00096781866	0.99903214
0.9994572	0.0005428272
0.4605925	0.5394075
0.9995259	0.00047415524
0.9995245	0.000475553
0.9995252	0.0004748158
0.0010445591	0.99895537
0.0017514293	0.9982486
0.25071672	0.74928325
0.9959401	0.004059883
0.9994754	0.00052463886
0.0010000088	0.999
0.9995109	0.0004891372
0.9995161	0.00048385156
0.9995215	0.00047853918
0.0009900003	0.99900997
0.99895644	0.0010434937
0.99868673	0.0013132291
0.99895406	0.0010459583
0.99945945	0.00054059125
0.9995065	0.0004935711
0.9995153	0.0004847421
0.9994796	0.0005204878
0.24965565	0.75034434
0.0011167338	0.9988833
0.99840325	0.0015967033
0.9995264	0.00047366577
0.0019549837	0.99804497
0.99936587	0.00063413294
0.019624067	0.9803759
0.304417	0.695583
0.99952674	0.00047333044
0.60174847	0.3982515
0.0009882306	0.99901175
0.001508961	0.99849105
0.002727014	0.997273
0.9994752	0.000524867
0.00096981204	0.99903023
0.99952006	0.00047994938
0.9995334	0.0004666577
0.99949276	0.0005071749
0.999521	0.00047904626
0.0028334754	0.9971666
0.0019582617	0.99804175
0.00462724	0.9953727
0.99910235	0.00089762616
0.012007769	0.98799217
0.9995214	0.00047863476
0.99944633	0.0005536355
0.0022137256	0.9977863
0.99947387	0.0005261442
0.0013504395	0.99864954
0.0009905606	0.9990094
0.99952626	0.00047380716
0.9984604	0.0015395948
0.9992962	0.0007037363
0.99941933	0.000580682
0.0010054647	0.9989945
0.99950945	0.00049053703
0.0016879226	0.9983121
0.9994733	0.0005267326
0.0108543495	0.98914564
0.78828907	0.21171089
0.9994961	0.0005038694
0.99938977	0.0006102343
0.0018240807	0.998176
0.9995264	0.00047359575
0.9992663	0.00073370495
0.99865913	0.0013408873
0.9995167	0.00048329524
0.9930924	0.0069076084
0.99951196	0.0004880069
0.9995184	0.0004816543
0.0010213061	0.99897873
0.006751062	0.99324894
0.0009947262	0.99900526
0.9995167	0.00048322012
0.91935736	0.08064271
0.9991905	0.0008095005
0.0026908962	0.9973091
0.0009827764	0.99901724
0.9994506	0.0005493263
0.0015812314	0.9984188
0.035100646	0.9648993
0.008077595	0.9919224
0.9995154	0.00048460768
0.99937516	0.0006248734
0.9993901	0.0006098557
0.0009767425	0.9990232
0.9994499	0.00055003725
0.0009949674	0.999005
0.9995223	0.0004776519
0.9995177	0.0004822669
0.0009921844	0.9990079
0.9814418	0.01855823
0.9817909	0.018209135
0.9991679	0.0008320956
0.9992873	0.00071274006
0.0010384333	0.99896157
0.003030712	0.9969693
0.9995185	0.0004814698
0.0015035054	0.99849653
0.9969292	0.0030708108
0.009298124	0.9907019
0.9995196	0.00048040823
0.0010072812	0.99899274
0.0010587663	0.99894124
0.9995266	0.00047343943
0.99943036	0.0005696071
0.000979291	0.9990207
0.11268419	0.8873158
0.0011111266	0.9988889
0.996148	0.0038519916
0.9994592	0.0005408188
0.0016288543	0.9983712
0.999509	0.000491071
0.0014792059	0.9985208
0.04530879	0.9546912
0.0021995595	0.9978004
0.0009998297	0.99900013
0.9994825	0.0005174957
0.0009876069	0.99901235
0.99951494	0.00048501662
0.9995254	0.00047453408
0.99932706	0.00067298877
0.9995018	0.00049817795
0.0017338158	0.99826616
0.99947745	0.00052261027
0.0013223169	0.9986777
0.99945027	0.00054971856
0.0030373947	0.9969626
0.0010010416	0.99899894
0.0010247158	0.9989753
0.99794215	0.0020578308
0.9995234	0.00047662534
0.9995209	0.00047915473
0.99952614	0.00047391665
0.99950624	0.0004937377
0.99952054	0.0004794162
0.06752907	0.9324709
0.99951494	0.000485012
0.9992894	0.0007105234
0.9994973	0.0005026502
0.9993863	0.0006136929
0.0009837179	0.9990163
0.9995153	0.00048471024
0.008414772	0.99158525
0.9995097	0.0004902729
0.99907	0.00093008653
0.004200159	0.99579984
0.9991736	0.000826395
0.0009834536	0.9990165
0.0009844904	0.99901545
0.5259693	0.47403064
0.32798865	0.6720113
0.0039373063	0.9960627
0.99951065	0.000489397
0.99429566	0.0057043713
0.0010220318	0.998978
0.9994111	0.00058885734
0.0029463249	0.9970536
0.0011374995	0.9988625
0.0010533594	0.9989466
0.9995295	0.0004705027
0.99952865	0.00047140484
0.99952793	0.00047203025
0.000984541	0.99901545
0.0010601302	0.99893993
0.9995172	0.00048283892
0.00153809	0.99846196
0.9995254	0.00047454544
0.001234197	0.9987658
0.9995283	0.00047174894
0.9994722	0.000527761
0.9994735	0.00052647176
0.99952626	0.00047378882
0.9995092	0.0004907479
0.21317099	0.786829
0.9995158	0.00048425532
0.99927026	0.00072969444
0.001021488	0.9989785
0.9988285	0.0011714916
0.9995228	0.000477205
0.053469315	0.94653064
0.0010099001	0.9989901
0.0010072475	0.99899274
0.99952424	0.00047583255
0.98256797	0.01743211
0.23508468	0.76491535
0.9994634	0.0005366064
0.99925834	0.00074165815
0.9994628	0.0005372026
0.0014973774	0.9985026
0.9994684	0.00053167815
0.0056294776	0.9943705
0.99950767	0.0004922893
0.0046401033	0.99535996
0.8941473	0.105852775
0.98710304	0.0128969345
0.48140484	0.51859516
0.9983987	0.0016012356
0.99941075	0.00058929
0.0009942974	0.99900573
0.99937505	0.0006250092
0.0010008772	0.9989992
0.9994709	0.00052910286
0.24984467	0.7501553
0.9995158	0.00048418698
0.99951935	0.00048064895
0.9924232	0.007576771
0.99903023	0.0009697529
0.9989309	0.0010690622
0.0021582523	0.9978417
0.0009666064	0.99903345
0.0027270112	0.997273
0.0023703305	0.99762964
0.999481	0.0005189931
0.99715805	0.0028419597
0.9804159	0.01958405
0.001025483	0.99897456
0.999496	0.00050404423
0.9994417	0.0005583038
0.99948347	0.00051652896
0.99950767	0.0004923072
0.99936134	0.0006387064
0.9995029	0.0004970955
0.0010316372	0.99896836
0.9995284	0.00047161043
0.9995154	0.00048454758
0.0010577415	0.9989423
0.0010228588	0.9989772
0.9994791	0.0005208716
0.5766107	0.42338938
0.97121876	0.028781215
0.01431532	0.98568463
0.40532506	0.5946749
0.99952364	0.00047634804
0.99910307	0.0008969966
0.9995283	0.00047170982
0.11937186	0.8806281
0.99471235	0.0052877003
0.9979101	0.0020898718
0.99952996	0.00047002913
0.0028764228	0.99712354
0.24990658	0.7500934
0.0009785892	0.9990214
0.0011027734	0.9988972
0.99951375	0.0004862545
0.99737895	0.0026210658
0.0012125022	0.99878746
0.9994923	0.0005077438
0.0049683047	0.9950317
0.9994948	0.0005052174
0.0009863117	0.99901366
0.99715805	0.0028419895
0.0009969933	0.999003
0.999524	0.0004759856
0.9994042	0.00059581414
0.0009867873	0.9990132
0.9994646	0.0005354221
0.011164578	0.9888354
0.99942493	0.00057509745
0.9994628	0.0005372821
0.83338916	0.1666108
0.5643071	0.43569294
0.9995073	0.0004927236
0.9995123	0.00048763835
0.0009825489	0.9990175
0.99946064	0.000539383
0.99003065	0.009969395
0.999524	0.0004759765
0.004685313	0.9953147
0.037750777	0.9622493
0.0009860416	0.9990139
0.9995178	0.0004822564
0.0010304629	0.99896955
0.99949455	0.0005053777
0.0009796517	0.99902034
0.9995285	0.0004714538
0.9994837	0.0005162538
0.0016911823	0.9983088
0.99947923	0.0005207684
0.99950755	0.00049249444
0.0069952277	0.99300474
0.99952507	0.0004749054
0.0021237682	0.9978763
0.9991441	0.00085594057
0.99927014	0.0007298262
0.9991536	0.00084634987
0.9995111	0.0004888846
0.9974299	0.002570093
0.99950933	0.0004906223
0.9995252	0.00047488103
0.999511	0.0004890158
0.0010195747	0.99898034
0.0030736658	0.99692637
0.0009771073	0.99902284
0.0012569658	0.9987431
0.0010456803	0.9989543
0.001111792	0.9988882
0.9995035	0.00049651874
0.992857	0.007142978
0.000994124	0.99900585
0.99952424	0.00047582554
0.0010180018	0.998982
0.9201198	0.07988023
0.99943846	0.00056156714
0.0010044613	0.9989955
0.0010051448	0.9989949
0.99947137	0.00052867894
0.0017116053	0.99828833
0.0010109007	0.99898905
0.9995209	0.00047913552
0.9994492	0.0005508516
0.99944943	0.0005505602
0.99951506	0.0004849156
0.0013420499	0.99865794
0.008904345	0.99109566
0.9995179	0.000482107
0.0009905777	0.9990094
0.0019353301	0.9980647
0.9995216	0.00047842631
0.0010159891	0.99898404
0.42483488	0.5751651
0.0011002738	0.9988997
0.99940646	0.0005935701
0.999186	0.00081399694
0.0010057938	0.9989942
0.99942315	0.00057684095
0.0010431072	0.9989569
0.0022925537	0.99770737
0.99727255	0.0027274769
0.9995197	0.00048035034
0.9995234	0.000476564
0.0011844366	0.99881554
0.99810445	0.001895514
0.011381265	0.98861873
0.004568043	0.995432
0.9927907	0.0072092344
0.0009985884	0.99900144
0.0054459083	0.99455404
0.9993767	0.0006232917
0.8929236	0.10707641
0.9992312	0.0007688269
0.99933296	0.00066696666
0.9995197	0.00048026652
0.9994779	0.0005221455
0.0014055175	0.99859446
0.10845993	0.89154005
0.0009859096	0.999014
0.9994987	0.00050122966
0.0017363705	0.99826366
0.99947363	0.00052641187
0.0010102512	0.99898976
0.99950635	0.0004935838
0.9995284	0.00047160935
0.9995005	0.00049947505
0.9995189	0.0004811624
0.0015658165	0.9984341
0.9955721	0.004427897
0.99951243	0.00048760886
0.0010450726	0.9989549
0.9991504	0.0008496455
0.8740801	0.12591988
0.99896896	0.0010310856
0.0010437563	0.9989562
0.99947745	0.0005225472
0.99952066	0.00047929332
0.92833966	0.07166039
0.99941325	0.00058679254
0.0025175319	0.9974825
0.9986304	0.0013696312
0.0028471858	0.9971528
0.0010046805	0.99899536
0.99950945	0.00049052923
0.0010045005	0.9989955
0.9995223	0.00047766234
0.9995315	0.00046848456
0.9995061	0.00049389724
0.0009774194	0.9990226
0.0009918814	0.9990081
0.004217206	0.99578285
0.03822012	0.96177995
0.9995264	0.0004736075
0.9995192	0.00048083343
0.99934083	0.00065915275
0.9994791	0.0005209245
0.0010912436	0.99890876
0.95405483	0.045945194
0.9995258	0.0004742065
0.0017588071	0.9982412
0.0009812793	0.99901867
0.9995166	0.00048335857
0.024578298	0.97542167
0.99948967	0.0005102995
0.99950397	0.000495999
0.0010029132	0.99899715
0.999521	0.00047897958
0.99947137	0.00052861386
0.9994753	0.00052475743
0.003283947	0.996716
0.99952865	0.0004713244
0.9994885	0.0005115533
0.95720834	0.042791694
0.021892127	0.97810787
0.99949443	0.000505545
0.998979	0.0010210274
0.0014019021	0.99859804
0.9989772	0.0010227924
0.99953103	0.00046897447
0.0016865941	0.9983134
0.9872607	0.012739322
0.9995104	0.00048960553
0.012575957	0.9874241
0.0064661545	0.99353385
0.85130787	0.14869215
0.9994956	0.00050438545
0.99676394	0.0032360833
0.0011680506	0.9988319
0.9995234	0.00047661172
0.00106768	0.9989323
0.010263044	0.989737
0.22375587	0.77624416
0.0009773565	0.9990226
0.99951565	0.0004843458
0.99943393	0.000566101
0.9992719	0.0007281059
0.9995314	0.00046865386
0.9833067	0.016693369
0.0010144998	0.99898547
0.0009919348	0.9990081
0.969837	0.03016298
0.0009757362	0.9990243
0.95156425	0.048435703
0.0011746158	0.9988254
0.9390093	0.06099069
0.99951935	0.0004806572
0.998857	0.0011430156
0.9993563	0.0006436561
0.0016790095	0.998321
0.0474734	0.95252657
0.99945277	0.0005472732
0.99951017	0.0004897913
0.0010754911	0.99892443
0.003770175	0.9962298
