0.9993913	0.0006087271
0.9994085	0.00059149356
0.9994099	0.00059010996
0.00080733513	0.99919266
0.96150094	0.038499083
0.029686376	0.97031367
0.9994259	0.0005741861
0.9994174	0.00058264844
0.053022686	0.9469773
0.0006070235	0.999393
0.0006874573	0.9993125
0.99941456	0.0005855018
0.0010929971	0.99890697
0.99942756	0.0005724314
0.0017093112	0.9982907
0.007610618	0.9923894
0.9993716	0.00062839605
0.9991417	0.00085832016
0.0010747194	0.99892527
0.9994301	0.0005698995
0.785002	0.21499805
0.9994168	0.0005831381
0.9994228	0.0005772584
0.9994229	0.00057716435
0.9993826	0.00061739836
0.0018882538	0.9981117
0.9993949	0.00060511933
0.0014672258	0.9985328
0.9983706	0.0016293973
0.00069238	0.99930763
0.99819225	0.0018077588
0.9993868	0.00061323517
0.99940693	0.0005930962
0.00070136285	0.9992986
0.9993284	0.00067164
0.99941325	0.0005867346
0.9993973	0.00060265843
0.9993488	0.00065113656
0.99940705	0.00059300754
0.0032378987	0.99676204
0.9994079	0.00059206743
0.99083334	0.0091666505
0.9994081	0.00059185666
0.9990533	0.0009466917
0.0020210925	0.997979
0.99940836	0.0005916909
0.9994222	0.0005778595
0.00061939104	0.9993806
0.0032005978	0.99679935
0.026316904	0.9736831
0.0072582304	0.9927417
0.9994234	0.00057659746
0.98881257	0.011187404
0.0032622279	0.9967378
0.8642431	0.13575688
0.99911267	0.00088731956
0.00060770125	0.9993923
0.99940467	0.00059531396
0.0007698107	0.99923015
0.0009226873	0.9990773
0.9994154	0.0005846276
0.99942684	0.0005731447
0.99872345	0.0012764878
0.9994215	0.00057851645
0.00059448474	0.9994055
0.9994197	0.0005803367
0.9994319	0.00056806975
0.99941385	0.00058613316
0.9994159	0.0005841135
0.9994135	0.0005864757
0.0008446585	0.9991554
0.99937975	0.00062027364
0.5082387	0.49176133
0.00083849375	0.9991615
0.00059001805	0.99941003
0.9993616	0.00063842733
0.99903935	0.0009606737
0.9990509	0.00094909774
0.99940073	0.0005992451
0.0007722601	0.99922776
0.018326897	0.9816731
0.99940693	0.00059311825
0.9994186	0.00058134814
0.0021041469	0.99789584
0.9994265	0.0005735319
0.9993819	0.00061809726
0.9991179	0.0008821225
0.0006198611	0.9993801
0.0008557025	0.9991443
0.99940634	0.0005936388
0.99939966	0.0006003853
0.0005952825	0.99940467
0.99941957	0.0005803992
0.0071866936	0.9928133
0.99941516	0.0005848096
0.9994198	0.0005802632
0.00066755357	0.99933237
0.0006577868	0.99934214
0.0024458359	0.99755424
0.0005984132	0.99940157
0.9993895	0.00061043253
0.99928904	0.0007109254
0.0019241193	0.99807584
0.999401	0.0005989912
0.0006334613	0.9993666
0.00061376137	0.9993862
0.01148696	0.98851305
0.9993998	0.000600173
0.0008513327	0.9991486
0.9994149	0.0005850351
0.99940825	0.00059174333
0.99941134	0.0005886769
0.99740916	0.002590808
0.0014051741	0.9985948
0.00061741896	0.9993826
0.0034847932	0.99651515
0.99937314	0.0006269347
0.99841535	0.0015846043
0.9994271	0.0005730074
0.0006320664	0.9993679
0.9994035	0.0005965448
0.99941957	0.000580428
0.9994185	0.0005815147
0.99942976	0.0005701776
0.0006741446	0.9993259
0.015284952	0.98471504
0.0006313999	0.9993686
0.9994134	0.0005867011
0.00079917687	0.9992009
0.99924064	0.00075932784
0.0040497156	0.9959502
0.85612065	0.14387941
0.0006090379	0.99939096
0.0006790607	0.999321
0.99937004	0.000629927
0.9993048	0.0006952656
0.9994165	0.000583487
0.0440256	0.95597434
0.999421	0.0005790292
0.99940264	0.00059741596
0.99942577	0.00057429663
0.0031077983	0.9968923
0.0027464323	0.9972536
0.0006143571	0.9993856
0.99900323	0.0009967986
0.018709661	0.9812904
0.9993723	0.0006276829
0.9994185	0.00058150495
0.9594843	0.040515658
0.0006207414	0.9993793
0.00063519576	0.9993648
0.0008050159	0.99919504
0.9994242	0.00057574786
0.0006617987	0.9993382
0.7172156	0.2827844
0.0041202256	0.99587977
0.00068302895	0.99931693
0.99941957	0.0005804434
0.99941504	0.00058499246
0.9982735	0.0017265388
0.9994165	0.00058355986
0.0013179542	0.9986821
0.0006161151	0.9993838
0.9982443	0.0017557557
0.9993874	0.0006126366
0.00059651124	0.9994035
0.9994253	0.0005747265
0.9994234	0.00057668105
0.9994167	0.00058328983
0.9994174	0.00058256957
0.9993882	0.00061176723
0.9994168	0.0005832154
0.000653618	0.9993463
0.9994178	0.0005822398
0.9987255	0.0012744555
0.029346624	0.9706534
0.9992085	0.0007915739
0.000762968	0.99923706
0.016529912	0.98347
0.9992812	0.00071877154
0.0006299513	0.99937004
0.9993364	0.0006636037
0.9993729	0.00062718184
0.0007009148	0.99929905
0.0006927021	0.9993073
0.035558663	0.96444136
0.9994192	0.000580765
0.0005977688	0.9994023
0.99942505	0.0005749483
0.99942744	0.000572623
0.9994305	0.000569464
0.0006034284	0.99939656
0.9992099	0.00079007336
0.5478762	0.45212382
0.9994079	0.0005921275
0.99941313	0.00058689126
0.9994061	0.00059394643
0.00064634683	0.9993537
0.99855083	0.0014491355
0.9993994	0.0006005395
0.99936706	0.00063292054
0.999252	0.0007479685
0.0007743079	0.99922574
0.98639363	0.013606351
0.0005970777	0.9994029
0.99940705	0.0005929775
0.99939084	0.00060912466
0.0006711649	0.99932885
0.99937266	0.00062731205
0.9994223	0.000577761
0.99216765	0.00783238
0.0034366713	0.9965634
0.9990897	0.0009103448
0.9994209	0.00057914207
0.9991798	0.00082025526
0.0007159102	0.9992841
0.9992656	0.0007343839
0.9993818	0.0006181413
0.9993643	0.00063563994
0.9994106	0.00058942195
0.00091037905	0.9990896
0.9993631	0.0006368852
0.0006083029	0.9993917
0.0007027706	0.99929726
0.0012612615	0.9987387
0.99942243	0.00057764427
0.9994266	0.0005734504
0.99934703	0.00065300724
0.00061213266	0.99938786
0.999403	0.00059698673
0.9919613	0.008038726
0.9993992	0.0006008478
0.0054998035	0.99450016
0.9836752	0.016324807
0.000613735	0.9993862
0.00088733726	0.99911267
0.00070246926	0.9992975
0.9708567	0.029143296
0.0006453158	0.99935466
0.0069776084	0.9930224
0.0029821696	0.99701786
0.00063571054	0.9993643
0.005593359	0.9944067
0.9993923	0.0006077759
0.99941003	0.00058997364
0.0005949096	0.99940515
0.9992955	0.0007044667
0.9994097	0.00059027754
0.9993011	0.00069891475
0.99938023	0.00061978167
0.00061587436	0.99938405
0.999092	0.0009079821
0.0011237967	0.99887615
0.99942017	0.00057984405
0.9994254	0.0005746087
0.30805415	0.6919459
0.99941826	0.0005817087
0.0016817988	0.9983182
0.99942005	0.0005799961
0.00061208714	0.99938786
0.00068010855	0.9993199
0.12717211	0.8728278
0.99853706	0.0014629797
0.9993767	0.0006233405
0.0010993032	0.99890065
0.00060617906	0.9993938
0.0010273331	0.99897265
0.9994217	0.0005783566
0.00061244104	0.9993875
0.9994081	0.00059189735
0.99930274	0.00069720036
0.00077106577	0.99922895
0.99941456	0.00058547274
0.9994281	0.0005718365
0.0011255356	0.9988745
0.9993812	0.000618824
0.5554708	0.44452915
0.99889994	0.0011000738
0.9952188	0.0047811833
0.9993579	0.0006421844
0.9994073	0.0005927594
0.00075331726	0.9992467
0.0021037613	0.9978962
0.0007778503	0.99922216
0.9839553	0.016044648
0.00060941064	0.9993906
0.99931467	0.00068539893
0.9984419	0.0015581859
0.99940073	0.0005992556
0.9993729	0.00062717585
0.0011507527	0.9988493
0.9993932	0.00060673594
0.0006071548	0.99939287
0.9994174	0.00058263063
0.0007104648	0.9992895
0.9994209	0.00057914975
0.9984804	0.001519616
0.99033606	0.009663944
0.20069921	0.79930085
0.9347883	0.06521174
0.99943024	0.0005697352
0.9993079	0.00069209235
0.9993856	0.00061444036
0.00069740374	0.9993026
0.00075757765	0.9992424
0.11662399	0.88337606
0.99941385	0.00058621477
0.75884575	0.24115427
0.87356555	0.12643449
0.9994093	0.000590738
0.00072085	0.9992792
0.99838674	0.001613217
0.99940574	0.000594289
0.9994072	0.0005928605
0.00066923915	0.99933076
0.00059556996	0.99940443
0.99939966	0.00060036127
0.9994186	0.00058137946
0.9981674	0.0018326184
0.00063963165	0.9993604
0.9994106	0.0005893759
0.9994029	0.00059713755
0.0018092669	0.9981907
0.99941194	0.0005880612
0.99778384	0.0022161333
0.9993772	0.0006228102
0.004086164	0.9959138
0.99919564	0.00080431503
0.99938035	0.00061962544
0.0006056314	0.9993944
0.9994012	0.00059875695
0.0006109696	0.99938905
0.0078790365	0.992121
0.000664777	0.9993352
0.0017951406	0.9982048
0.998838	0.0011620489
0.99939454	0.00060545414
0.9994178	0.00058224954
0.99939156	0.000608476
0.014891876	0.9851081
0.9994267	0.00057327194
0.00060325756	0.9993967
0.0008548501	0.99914515
0.0009358146	0.99906415
0.9992207	0.0007792666
0.9994154	0.00058459473
0.00074438064	0.9992556
0.9986993	0.0013006545
0.9994204	0.0005795932
0.0008951938	0.9991048
0.00066840823	0.9993316
0.99942064	0.0005793784
0.5908682	0.40913182
0.99940753	0.00059244584
0.99937767	0.00062230753
0.0005965662	0.9994035
0.00062219164	0.9993777
0.99936634	0.00063368166
0.9992607	0.000739314
0.018270563	0.98172945
0.99942577	0.0005742337
0.99910635	0.0008936121
0.999363	0.00063705526
0.99942625	0.00057373743
0.00064975605	0.99935025
0.9993604	0.00063963473
0.99667513	0.0033248346
0.99942136	0.00057863444
0.0006591329	0.99934083
0.9994072	0.00059278955
0.0007444679	0.9992555
0.00065798184	0.999342
0.0006299405	0.99937004
0.99941194	0.00058805756
0.0018510118	0.99814904
0.03582342	0.96417654
0.00072201947	0.999278
0.99931276	0.0006872542
0.0017565045	0.99824345
0.0025709071	0.9974291
0.0034247406	0.9965752
0.99941623	0.00058381155
0.99940145	0.00059856946
0.999348	0.000652057
0.9994236	0.0005763903
0.9991339	0.00086619845
0.99938893	0.00061108515
0.14271443	0.85728556
0.0041435827	0.99585634
0.99942195	0.000578057
0.99931204	0.00068792846
0.9994048	0.0005951681
0.9990637	0.0009364028
0.0007386921	0.9992613
0.00072071026	0.9992793
0.9988493	0.0011507011
0.99940467	0.0005953293
0.0006232258	0.99937683
0.0029008437	0.99709916
0.9992586	0.000741461
0.9992348	0.0007652485
0.999418	0.00058197544
0.99941766	0.00058232807
0.99173903	0.008260965
0.7537887	0.24621125
0.9994099	0.00059005374
0.999382	0.00061797997
0.9993643	0.0006357424
0.9994073	0.0005927628
0.0052691028	0.99473083
0.00068224827	0.99931777
0.9971527	0.0028472843
0.9993942	0.00060585805
0.9992743	0.00072573154
0.00059583166	0.9994042
0.9993686	0.00063142035
0.9994103	0.0005897788
0.0006248316	0.99937516
0.9988469	0.0011530975
0.0013832004	0.9986168
0.0018464116	0.9981536
0.0006750932	0.9993249
0.00060709286	0.99939287
0.004449199	0.9955509
0.9993992	0.0006007633
0.0010168746	0.9989831
0.99940264	0.00059741107
0.0026937977	0.9973062
0.999432	0.0005679514
0.99942684	0.00057320675
0.9984067	0.0015933015
0.0010301905	0.9989698
0.9993249	0.00067507353
0.057421993	0.942578
0.99936837	0.000631634
0.99941266	0.0005873565
0.005490852	0.99450916
0.9993789	0.0006210633
0.9994271	0.0005729915
0.99939024	0.00060973625
0.98962736	0.010372649
0.0006027813	0.99939716
0.9994048	0.00059518346
0.007628195	0.9923718
0.9993979	0.00060207426
0.9994143	0.0005856962
0.0008150945	0.9991849
0.9994141	0.0005859486
0.9992913	0.0007086921
0.9983852	0.0016148131
0.0058321557	0.9941678
0.9015835	0.098416485
0.9994054	0.0005946335
0.9993167	0.0006832665
0.9993837	0.00061626075
0.0006860312	0.99931395
0.0006602162	0.99933976
0.9914048	0.00859524
0.99940693	0.0005930592
0.9994186	0.00058144185
0.99934834	0.0006516121
0.98993874	0.01006125
0.9989165	0.001083518
0.00061045296	0.9993895
0.99937016	0.0006299171
0.0006282138	0.9993718
0.9994281	0.0005718588
0.9994289	0.0005710402
0.99932134	0.0006786873
0.9993969	0.0006030932
0.9993932	0.0006067927
0.9994248	0.0005752397
0.0006509474	0.99934906
0.99937797	0.00062196073
0.00063415593	0.99936587
0.99940956	0.0005905005
0.00061593245	0.99938405
0.97592306	0.024076901
0.9994311	0.0005688944
0.0021408335	0.9978592
0.0010778788	0.9989221
0.9985018	0.0014982418
0.005405915	0.99459404
0.9994122	0.0005878149
0.9994023	0.000597762
0.9993319	0.0006680793
0.00086997397	0.9991301
0.9994168	0.0005831626
0.9847654	0.015234572
0.99942493	0.0005751506
0.99941504	0.00058498856
0.99908924	0.00091078994
0.99858665	0.0014134033
0.9993242	0.0006757852
0.9993925	0.00060748187
0.9736921	0.026307847
0.9993376	0.0006623201
0.99941707	0.00058297475
0.00069529697	0.99930465
0.99932194	0.0006780686
0.9993117	0.00068834465
0.98853	0.01147004
0.99925	0.0007499275
0.9994192	0.00058076304
0.0013777154	0.9986223
0.9993735	0.0006265828
0.9994174	0.0005826056
0.99937123	0.0006288173
0.9990393	0.0009607913
0.99942315	0.00057686184
0.0006453096	0.99935466
0.99940646	0.0005935384
0.27237526	0.7276247
0.00063046365	0.99936956
0.99839634	0.0016036709
0.99940753	0.00059253484
0.9994111	0.00058889715
0.010261535	0.9897385
0.99646014	0.0035398314
0.0035779625	0.99642205
0.9994178	0.0005821904
0.9693991	0.030600827
0.99933004	0.0006699283
0.000662573	0.9993374
0.9993492	0.00065081654
0.00060511613	0.9993949
0.9994253	0.0005746848
0.99940383	0.00059615483
0.99939847	0.0006014729
0.99940336	0.0005966768
0.99923503	0.000764962
0.9994135	0.0005864662
0.0026531504	0.9973469
0.018457362	0.98154265
0.99892753	0.0010724223
0.99941254	0.0005875156
0.00067883806	0.9993212
0.9994136	0.0005864202
0.9994209	0.00057916774
0.0006569974	0.999343
0.9993912	0.0006088455
0.00063505594	0.9993649
0.9991596	0.0008403983
0.99942493	0.0005750909
0.00070450734	0.9992955
0.8552264	0.1447736
0.9877043	0.012295777
0.0007178142	0.9992822
0.99942636	0.00057368336
0.00065180846	0.9993482
0.9994241	0.00057587243
0.99940526	0.0005947384
0.0007904823	0.9992095
0.998923	0.0010769771
0.99918205	0.0008179457
0.9994205	0.0005794723
0.10105691	0.8989431
0.9979735	0.0020264632
0.99920756	0.0007924311
0.9994031	0.0005969412
0.9994159	0.00058417703
0.99941206	0.0005879144
0.084476374	0.91552365
0.00068078365	0.9993192
0.0012197909	0.9987802
0.9994118	0.00058817776
0.52157164	0.47842836
0.99939704	0.00060293655
0.9994012	0.0005987812
0.996298	0.003701943
0.99938667	0.0006132859
0.999418	0.00058193936
0.9992908	0.0007091539
0.0006448436	0.99935514
0.9994295	0.0005705041
0.9994142	0.00058577606
0.00063341967	0.9993666
0.9981364	0.0018636149
0.0006876244	0.9993124
0.0006396786	0.9993604
0.00058458914	0.9994154
0.99935037	0.00064965023
0.9764339	0.023566056
0.0011346418	0.99886537
0.00067452044	0.9993255
0.00072142144	0.9992786
0.00062799227	0.99937207
0.9994168	0.000583184
0.999106	0.00089403667
0.00072273886	0.9992773
0.9991019	0.0008981695
0.999398	0.00060202094
0.99939656	0.0006033734
0.0013459476	0.998654
0.9994222	0.00057777663
0.9993844	0.00061552576
0.9994086	0.0005914332
0.999424	0.00057605805
0.0007988483	0.9992011
0.99938	0.0006199813
0.999403	0.0005969563
0.00064800726	0.99935204
0.0055252127	0.9944748
0.99937207	0.00062795455
0.9992945	0.0007054082
0.99941325	0.00058679003
0.99940133	0.00059864647
0.00061933434	0.9993806
0.9990808	0.000919216
0.9994221	0.0005779598
0.99939764	0.00060237024
0.99942434	0.0005756349
0.9992663	0.0007336641
0.99941003	0.0005899666
0.0014865764	0.9985134
0.8902891	0.10971083
0.0008411811	0.99915886
0.93979317	0.06020687
0.99941576	0.0005842299
0.00070020807	0.99929976
0.99937564	0.000624356
0.9856392	0.014360755
0.9993818	0.00061825104
0.9994117	0.0005883174
0.99938655	0.00061345263
0.99940133	0.0005986748
0.9994266	0.0005734395
0.9993969	0.00060304627
0.99927706	0.0007229755
0.99942374	0.00057629443
0.9994019	0.00059802603
0.9990758	0.0009242588
0.098668925	0.90133107
0.9994184	0.00058160914
0.0006273434	0.99937266
0.9993845	0.00061546336
0.00084417657	0.9991559
0.99928856	0.0007113801
0.0006055812	0.9993944
0.00074971217	0.99925023
0.99942386	0.00057617284
0.9993705	0.0006295284
0.21120623	0.78879374
0.999418	0.000581991
0.99922884	0.0007711598
0.9994116	0.0005883835
0.999411	0.00058903167
0.9994036	0.0005963555
0.99942183	0.0005781548
0.00082682184	0.9991731
0.99934906	0.0006509747
0.0008855736	0.99911445
0.9994142	0.00058582437
0.3529231	0.6470769
0.14722528	0.8527747
0.9993924	0.00060757337
0.0012398827	0.9987601
0.99941516	0.00058486086
0.004650075	0.9953499
0.9994305	0.000569505
0.9992587	0.0007413013
0.9965216	0.0034784554
0.99920183	0.0007981783
0.9994098	0.0005901707
0.99942553	0.00057455094
0.0011894521	0.9988105
0.9944351	0.0055648694
0.9994223	0.00057767116
0.00073804933	0.9992619
0.9993703	0.00062971894
0.9801974	0.019802524
0.99939954	0.0006004963
0.0007458548	0.99925417
0.99942833	0.00057166815
0.0006185489	0.9993814
0.99922884	0.00077118195
0.9994273	0.00057272724
0.00711351	0.9928865
0.00068517064	0.9993148
0.00059427536	0.99940574
0.9994288	0.00057114224
0.9994024	0.00059762836
0.00091278413	0.9990872
0.99941826	0.0005818182
0.9993747	0.000625313
0.99941814	0.0005819186
0.003057161	0.9969428
0.9994267	0.00057334395
0.9994197	0.00058032677
0.9994221	0.0005779929
0.9994049	0.0005951518
0.9994281	0.00057185447
0.99941146	0.0005885294
0.0006059099	0.99939406
0.9989219	0.0010781536
0.99942243	0.00057764095
0.0023651044	0.9976349
0.9609031	0.039096963
0.0006959427	0.99930406
0.000628224	0.9993718
0.00089537585	0.99910456
0.83637327	0.16362676
0.99940753	0.0005924278
0.05506515	0.94493484
0.9993315	0.0006685844
0.99941444	0.000585543
0.0012803338	0.9987197
0.5719623	0.42803773
0.9891474	0.010852547
0.9993585	0.000641512
0.00067742786	0.99932253
0.9993943	0.0006056891
0.0008267475	0.9991732
0.0006690153	0.999331
0.9994184	0.00058161747
0.9993793	0.0006207352
0.9993788	0.0006211906
0.9722125	0.027787577
0.0008197571	0.99918026
0.9994106	0.0005893455
0.0045063216	0.99549365
0.0011447241	0.99885523
0.00077274774	0.9992273
0.99940896	0.00059103087
0.9994167	0.0005832779
0.9994332	0.0005667725
0.99941516	0.00058489747
0.9991709	0.0008291415
0.9994205	0.0005795402
0.99941766	0.00058240304
0.9994311	0.0005688667
0.9993925	0.00060752244
0.99939847	0.0006015819
0.022002708	0.97799724
0.0006524405	0.9993475
0.99941444	0.0005855176
0.00068988104	0.99931014
0.99942243	0.00057762116
0.99929667	0.0007032871
0.99941874	0.0005812764
0.9987909	0.0012090649
0.9994143	0.00058573706
0.00059640274	0.9994036
0.0008256162	0.9991744
0.9993969	0.0006030353
0.0048944987	0.9951055
0.0008681257	0.99913186
0.9993092	0.0006907827
0.9994168	0.0005832357
0.0006319664	0.999368
0.98923826	0.010761668
0.000612114	0.99938786
0.9994184	0.0005816946
0.9994074	0.0005926405
0.999385	0.00061501097
0.99921703	0.00078296004
0.99941146	0.0005884932
0.9993285	0.00067155453
0.9993931	0.00060693786
0.9994234	0.0005765823
0.9989556	0.0010443511
0.0006249335	0.99937505
0.0019405014	0.99805945
0.00063213025	0.9993679
0.0007137732	0.99928623
0.00061598246	0.99938405
0.000599637	0.9994004
0.99930465	0.0006953547
0.99908197	0.00091803796
0.9994247	0.0005752718
0.99940693	0.00059312786
0.095804065	0.9041959
0.0018417598	0.9981583
0.031622592	0.9683774
0.00073042215	0.99926955
0.9994179	0.00058215996
0.99773693	0.002263059
0.99934715	0.00065285974
0.0022189186	0.9977811
0.9993981	0.0006018238
0.00829399	0.991706
0.004852257	0.99514776
0.0008972961	0.9991027
0.9993229	0.000677169
0.0007578583	0.9992422
0.9994197	0.00058033754
0.0020919202	0.9979081
0.0009811508	0.9990188
0.99904364	0.0009562775
0.979729	0.020270996
0.99940467	0.00059530546
0.999423	0.0005769734
0.99941075	0.000589263
0.9993672	0.0006328623
0.919189	0.08081104
0.06863229	0.9313677
0.00082864275	0.9991714
0.00069747283	0.9993025
0.00060822925	0.9993918
0.041689657	0.95831037
0.99787426	0.0021257664
0.9994179	0.00058215775
0.9994023	0.0005977075
0.99933714	0.0006628642
0.99942017	0.0005798242
0.9848862	0.015113769
0.0012116273	0.9987884
0.00089183846	0.99910814
0.9994025	0.0005975296
0.99940753	0.0005924363
0.0010096692	0.99899036
0.0006599215	0.9993401
0.9993755	0.0006245435
0.001303662	0.9986964
0.99935	0.00065002835
0.001004353	0.9989956
0.0012710358	0.99872893
0.00059855176	0.99940145
0.0006325681	0.9993674
0.9974152	0.0025847526
0.99928576	0.0007143132
0.0006462433	0.9993537
0.9994135	0.0005865062
0.2627727	0.7372273
0.00064891815	0.9993511
0.0006308134	0.9993692
0.99941814	0.0005818581
0.99942327	0.00057674694
0.99942845	0.0005715276
0.9994223	0.0005776654
0.9994141	0.0005859821
0.99942636	0.00057365984
0.00062020763	0.99937975
0.0006965963	0.99930334
0.9993467	0.0006532677
0.9993537	0.00064623647
0.0020533302	0.9979467
0.99941456	0.0005854512
0.9991648	0.00083525584
0.9994111	0.0005888481
0.0006757366	0.9993243
0.9382826	0.061717387
0.99933475	0.00066524534
0.0006735608	0.99932647
0.00068365736	0.99931633
0.0006082205	0.9993918
0.05983835	0.94016165
0.9994035	0.0005964936
0.00059376046	0.9994062
0.0008007392	0.99919933
0.01009345	0.9899066
0.9655375	0.034462545
0.0008230115	0.9991769
0.00062521227	0.9993748
0.00074406015	0.99925596
0.0027174111	0.9972826
0.9874122	0.012587793
0.9993387	0.00066135003
0.9994031	0.00059685763
0.99942774	0.0005722566
0.9994148	0.00058519765
0.00061129656	0.9993887
0.9993574	0.00064265216
0.9994135	0.00058652466
0.0009982032	0.9990018
0.99919885	0.00080119335
0.9992619	0.0007381296
0.9974099	0.0025900835
0.950711	0.04928898
0.0008416585	0.9991584
0.0010514671	0.9989485
0.9994294	0.0005705549
0.00059358653	0.99940646
0.99927086	0.0007290998
0.99942136	0.00057869684
0.00079123065	0.99920875
0.99942124	0.0005788286
0.99942696	0.0005730349
0.001040105	0.9989599
0.0090572145	0.9909428
0.99940455	0.00059549307
0.9994154	0.00058456184
0.99942183	0.00057813333
0.99856925	0.0014307499
0.2276026	0.7723974
0.0006175993	0.9993824
0.9994029	0.00059709913
0.99941766	0.0005823203
0.9953732	0.004626814
0.00062098436	0.99937904
0.0006123497	0.9993876
0.9994192	0.0005807511
0.99942267	0.00057736796
0.9994031	0.0005968405
0.06702115	0.93297887
0.9988986	0.0011012973
0.00074464816	0.99925536
0.9994192	0.0005807736
0.9994128	0.00058722607
0.9990257	0.0009742545
0.0010139791	0.99898595
0.99930775	0.0006922067
0.9994118	0.00058816094
0.0005969782	0.999403
0.99941385	0.00058617204
0.00083307386	0.99916697
0.99929035	0.00070956687
0.99940896	0.0005910737
0.9994287	0.0005712912
0.9994203	0.0005797656
0.9994099	0.00059010094
0.99872833	0.0012716504
0.99817	0.001830015
0.0006264335	0.9993736
0.9993309	0.0006691913
0.999297	0.0007029487
0.9592609	0.040739123
0.0018087073	0.9981913
0.00072215986	0.9992779
0.98698735	0.013012636
0.9990037	0.0009963604
0.9993339	0.0006660894
0.0005943615	0.9994056
0.8742665	0.12573348
0.9994215	0.0005785517
0.9990823	0.0009177161
0.9992035	0.00079647405
0.99881727	0.0011827581
0.99917537	0.00082462153
0.9993861	0.00061390444
0.0007238508	0.9992762
0.98672396	0.0132760415
0.000743123	0.9992569
0.0010032954	0.9989967
0.99941885	0.00058112707
0.00087023433	0.99912983
0.97502124	0.02497871
0.0007439208	0.9992561
0.0011725175	0.9988275
0.0006901267	0.9993099
0.9989467	0.0010532456
0.9994198	0.00058025104
0.0010591898	0.99894077
0.999418	0.0005820312
0.0006234718	0.9993766
0.99937755	0.00062246685
0.99897337	0.0010266762
0.999413	0.00058700284
0.99942076	0.0005793094
0.9994055	0.000594559
0.9994234	0.0005766326
0.0006314874	0.9993685
0.9993787	0.00062133983
0.04179952	0.95820045
0.0038664348	0.99613357
0.9990339	0.0009661462
0.00068958325	0.9993104
0.9991308	0.00086919754
0.00060619443	0.9993938
0.18575521	0.8142448
0.08483764	0.9151624
0.999388	0.0006120172
0.9984561	0.0015438513
0.0007687222	0.99923134
0.0009919226	0.9990081
0.9994234	0.00057659193
0.9993979	0.00060211157
0.9993936	0.0006063972
0.9994049	0.0005951097
0.9994242	0.0005758226
0.0006592096	0.99934083
0.9994056	0.00059442275
0.99942774	0.0005722815
0.00069073663	0.9993093
0.00061576103	0.99938416
0.9994312	0.0005687621
0.0005859157	0.9994141
0.99940574	0.0005942094
0.9994197	0.0005803605
0.9994142	0.0005858649
0.9981583	0.0018417615
0.0006499029	0.99935013
0.64115894	0.35884103
0.99941134	0.0005886329
0.9994062	0.0005938457
0.0025854092	0.9974146
0.025626594	0.97437346
0.00087698473	0.99912304
0.99942744	0.0005726312
0.0010958053	0.9989042
0.9994173	0.0005827567
0.03571547	0.96428454
0.006394159	0.99360585
0.0020724575	0.99792755
0.00058671867	0.99941325
0.99942195	0.0005780559
0.9993193	0.000680696
0.9993954	0.00060456846
0.999433	0.000567054
0.9994124	0.0005876365
0.99942744	0.00057262793
0.029578192	0.97042185
0.9943856	0.0056144646
0.9939375	0.006062543
0.9994209	0.0005791211
0.9189399	0.08106009
0.99941957	0.0005804905
0.99941325	0.0005867604
0.00060889334	0.9993911
0.9994159	0.00058416976
0.9993038	0.0006962157
0.9994217	0.00057833066
0.99940836	0.00059161533
0.99942493	0.0005751325
0.9994167	0.0005832926
0.9993711	0.0006289285
0.0010320079	0.998968
0.9992355	0.0007645448
0.99936646	0.0006335929
0.0006846869	0.99931526
0.0011076368	0.99889237
0.986169	0.013830973
0.9994155	0.00058449723
0.0009680672	0.9990319
0.9994154	0.00058456906
0.0009376938	0.99906236
0.0013602852	0.99863976
0.9993513	0.00064870605
0.00071132794	0.9992887
0.9993525	0.00064743456
0.00072622584	0.99927384
0.5236211	0.47637892
0.0012333302	0.99876666
0.99942493	0.00057508104
0.99940026	0.00059978385
0.8994319	0.10056815
0.999411	0.0005890125
0.9994179	0.0005820606
0.15445568	0.84554434
0.9268202	0.07317976
0.99941254	0.0005875007
0.00059732195	0.99940264
0.99923515	0.000764876
0.0006026183	0.9993974
0.99913883	0.0008611935
0.9993026	0.00069735653
0.9990119	0.0009880695
0.9994123	0.0005877149
0.56103516	0.4389648
0.99941146	0.000588542
0.99942076	0.0005792757
0.0006693176	0.99933076
0.999428	0.0005719441
0.99942493	0.00057504314
0.99942833	0.0005716155
0.9994199	0.00058009446
0.9912703	0.008729678
0.00061263866	0.9993874
0.9994004	0.00059957925
0.0008356287	0.99916434
0.99933904	0.00066088786
0.99838626	0.0016137065
0.0006132167	0.9993868
0.9994128	0.0005872006
0.99935645	0.00064357306
0.046547506	0.9534525
0.9993563	0.0006436807
0.9993192	0.00068079046
0.99937916	0.0006207603
0.0015711444	0.9984289
0.00084288674	0.9991571
0.99941397	0.00058607484
0.9994062	0.0005937967
0.0008205801	0.9991794
0.9994271	0.000572962
0.0006154848	0.9993845
0.99942255	0.0005774739
0.000685769	0.9993142
0.9993857	0.0006142641
0.9993222	0.0006778402
0.99940777	0.0005922929
0.9994276	0.0005723032
0.9994087	0.0005913335
0.00074590876	0.99925405
0.0006376653	0.9993623
0.9973654	0.0026345917
0.999143	0.0008569901
0.9994228	0.000577191
0.000816332	0.9991837
0.9994186	0.0005814152
0.9994148	0.00058520294
0.99927324	0.0007267101
0.0006023228	0.99939764
0.9993468	0.00065318897
0.0011914055	0.9988086
0.9993974	0.00060262746
0.99943155	0.0005684527
0.031648193	0.9683518
0.99942553	0.0005745047
0.045241248	0.95475876
0.0012286296	0.99877137
0.99910814	0.00089181087
0.0024899167	0.9975101
0.99942183	0.0005782295
0.00092990487	0.9990701
0.0010050576	0.9989949
0.99936444	0.0006356224
0.9993753	0.00062476436
0.9994241	0.0005759485
0.9994079	0.0005921651
0.0005939778	0.999406
0.00060220255	0.99939775
0.9993437	0.0006563027
0.99925894	0.0007410531
0.0006449641	0.999355
0.99941397	0.0005860553
0.9994172	0.00058277807
0.99940133	0.00059871416
0.9993882	0.0006117142
0.0006274102	0.99937266
0.99940383	0.0005962083
0.0012151859	0.99878484
0.9994081	0.00059185806
0.18356031	0.81643975
0.99942493	0.00057508814
0.9993498	0.0006502306
0.999373	0.00062706287
0.9994017	0.00059832307
0.9983115	0.0016884794
0.0006573732	0.9993426
0.9994198	0.00058024906
0.99940217	0.00059778045
0.9994236	0.00057644385
0.9992518	0.00074818125
0.0006879252	0.99931204
0.99928385	0.00071619893
0.00077530823	0.99922466
0.99940276	0.00059719215
0.99915254	0.00084741635
0.99384004	0.006160021
0.99941885	0.0005811116
0.9994143	0.00058564404
0.00079295837	0.9992071
0.99940836	0.0005916971
0.0007686485	0.99923134
0.99937695	0.0006231038
0.999416	0.00058397267
0.9983374	0.0016626059
0.99940574	0.00059425103
0.9994167	0.0005833541
0.00059239595	0.99940765
0.0012555663	0.99874437
0.0006326568	0.9993674
0.9993808	0.00061912066
0.09933186	0.90066814
0.99942493	0.0005750738
0.00096389616	0.9990361
0.00060003315	0.9994
0.999226	0.0007740555
0.0008299276	0.99917006
0.000779811	0.99922013
0.0009534981	0.9990465
0.9994147	0.0005853271
0.7833024	0.21669759
0.9993975	0.00060251664
0.00064757315	0.9993524
0.99933714	0.00066285976
0.0075860457	0.99241394
0.9994129	0.0005870867
0.9994261	0.00057387474
0.9971065	0.0028935072
0.9993068	0.00069314154
0.000667233	0.9993327
0.9994099	0.00059008156
0.99942136	0.00057861675
0.0008258604	0.99917406
0.0008834763	0.9991165
0.99941754	0.00058248296
0.04616609	0.95383394
0.9994192	0.00058084395
0.9940303	0.0059697214
0.9994203	0.0005797148
0.000686119	0.99931383
0.0007292207	0.99927074
0.9994073	0.0005927037
0.9992932	0.0007068181
0.0009222469	0.9990777
0.9991547	0.0008453196
0.00089380995	0.9991061
0.99908316	0.0009168259
0.99941564	0.0005843786
0.00074718654	0.99925274
0.99942636	0.0005737129
0.43951464	0.56048536
0.9993125	0.0006874645
0.0006509868	0.99934906
0.0010644059	0.99893564
0.9993401	0.0006599067
0.007437583	0.9925625
0.99941385	0.00058617484
0.9994234	0.00057664746
0.9993968	0.00060320634
0.99939024	0.00060976885
0.00062368426	0.99937636
0.9994216	0.0005783731
0.9988814	0.0011185468
0.999424	0.0005760231
0.0009484848	0.9990515
0.00059604127	0.99940395
0.0005963305	0.9994037
0.046360977	0.953639
0.9993774	0.00062260986
0.9994149	0.0005850897
0.9994254	0.00057458953
0.9763423	0.023657707
0.9993901	0.0006098685
0.23594704	0.764053
0.9994124	0.00058757124
0.9986406	0.0013593554
0.9992987	0.0007012759
0.9994161	0.00058386585
0.00066823885	0.9993318
0.99943334	0.00056666427
0.0015642964	0.9984357
0.99943525	0.0005647046
0.0009849168	0.9990151
0.0011887306	0.99881124
0.9958032	0.004196894
0.00066273875	0.99933726
0.0005934914	0.99940646
0.9913242	0.00867583
0.00092391745	0.999076
0.000873302	0.99912673
0.9993911	0.0006089209
0.99746907	0.002530967
0.00060871174	0.9993913
0.9993974	0.00060253893
0.00070587464	0.99929416
0.0005937101	0.99940634
0.00066417444	0.9993358
0.9993918	0.00060815446
0.9994141	0.00058590504
0.99942315	0.0005768855
0.00059767044	0.9994023
0.0006097075	0.99939024
0.9994199	0.0005801011
0.0010684239	0.9989316
0.99919146	0.0008084818
0.0006360135	0.99936396
0.9994229	0.00057715224
0.32561693	0.6743831
0.99938154	0.0006184192
0.999424	0.000576052
0.99942833	0.00057160703
0.00068440376	0.9993156
0.999419	0.00058108696
0.9994167	0.00058326236
0.0006593798	0.9993406
0.9994306	0.00056933076
0.99941313	0.0005869318
0.0006279455	0.99937207
0.0007637263	0.99923635
0.00071397173	0.999286
0.9993988	0.00060117774
0.9994286	0.0005713707
0.999127	0.00087307405
0.9993814	0.0006185563
0.9994252	0.00057487434
0.35143954	0.64856046
0.014334875	0.9856652
0.9993673	0.0006327004
0.00075677567	0.99924326
0.99939775	0.00060226314
0.9992368	0.00076313375
0.9993573	0.00064270047
0.99917763	0.0008223844
0.24659531	0.7534047
0.99934286	0.0006571831
0.00075925014	0.99924076
0.00059848826	0.99940157
0.9993901	0.0006098217
0.00065300224	0.99934703
0.99937207	0.00062795397
0.99824417	0.001755841
0.99941695	0.0005830197
0.99940586	0.0005941106
0.9988477	0.0011522549
0.9993906	0.0006094127
0.9993861	0.0006139114
0.0022874433	0.9977126
0.00062179245	0.9993782
0.0010414182	0.9989586
0.0016730465	0.99832696
0.999421	0.00057907007
0.99931073	0.0006893077
0.9993849	0.0006151361
0.00067596394	0.9993241
0.99941564	0.0005843836
0.99941564	0.0005843719
0.9994128	0.00058719085
0.9994168	0.0005831745
0.93894786	0.06105217
0.9994041	0.00059590326
0.0008594802	0.9991405
0.99941826	0.0005817852
0.99940085	0.0005991385
0.0009385867	0.9990614
0.000604186	0.99939585
0.9994143	0.00058564154
0.0014895854	0.9985104
0.00060853886	0.99939144
0.9992908	0.0007091688
0.99939954	0.0006004935
0.9994261	0.0005739453
0.9530144	0.046985637
0.9994221	0.0005779427
0.9572601	0.04273988
0.039794084	0.960206
0.018980656	0.9810193
0.9993917	0.0006082686
0.9567376	0.04326246
0.00063344795	0.9993666
0.00061893783	0.99938107
0.99938905	0.00061098527
0.99941576	0.0005842505
0.00089318265	0.9991068
0.0045542065	0.99544585
0.96609014	0.033909842
0.00065050647	0.99934953
0.999385	0.00061502564
0.9990472	0.00095278706
0.9955023	0.004497699
0.00069432275	0.9993057
0.9994272	0.000572784
0.99938583	0.0006141962
0.0006890265	0.999311
0.99939895	0.0006010666
0.9994293	0.0005707377
0.9993825	0.0006174301
0.9994098	0.0005902596
0.9993137	0.0006863438
0.0005935797	0.99940646
0.99940157	0.00059840264
0.9994149	0.0005850412
0.0008513355	0.9991486
0.99934703	0.0006529724
0.99752635	0.0024737124
0.9993987	0.0006012958
0.0016508225	0.9983492
0.99911875	0.0008812761
0.0006725588	0.9993274
0.99940777	0.0005922124
0.00064568926	0.9993543
0.9994259	0.00057418336
0.00076177646	0.99923825
0.99942136	0.00057868
0.99942696	0.00057301
0.0006347473	0.99936527
0.9994135	0.00058658037
0.9993789	0.00062103546
0.996566	0.0034340592
0.9994221	0.00057800394
0.0006232639	0.9993767
0.99942744	0.00057256455
0.9994185	0.0005814955
0.97567517	0.024324812
0.99941635	0.0005836121
0.9992889	0.0007110887
0.9992161	0.0007839026
0.9993913	0.0006087068
0.9993986	0.00060143654
0.0022159712	0.9977841
0.90656495	0.09343505
0.0006173239	0.9993826
0.0006050152	0.999395
0.0027598052	0.9972402
0.0006711553	0.99932885
0.9873116	0.0126884645
0.99925715	0.00074280327
0.0006135865	0.9993864
0.9994168	0.000583204
0.00072275853	0.9992773
0.0071716006	0.9928284
0.9992091	0.0007908846
0.0007083062	0.99929166
0.00070900854	0.99929094
0.0009549555	0.9990451
0.5187728	0.48122725
0.0006201329	0.9993799
0.99939585	0.0006041255
0.000707758	0.99929225
0.9994174	0.0005826
0.99940145	0.00059854693
0.9989718	0.0010281864
0.9994159	0.0005841441
0.99942195	0.00057809707
0.99530375	0.004696279
0.0012591813	0.99874085
0.99942696	0.0005730385
0.00060032867	0.99939966
0.0008924429	0.99910754
0.0006325066	0.99936754
0.0007826896	0.9992173
0.0032720573	0.99672794
0.9917494	0.008250585
0.0009888394	0.99901116
0.00077982404	0.99922013
0.9993962	0.00060374045
0.9987418	0.0012581808
0.9993499	0.00065010757
0.99940777	0.0005921986
0.8020863	0.19791377
0.99883157	0.001168483
0.9831003	0.016899759
0.99939454	0.00060550845
0.00310651	0.9968934
0.0007309229	0.99926907
0.00060304627	0.9993969
0.9994236	0.0005764332
0.9993331	0.00066692475
0.023285113	0.9767149
0.99939203	0.00060798
0.99941754	0.00058241986
0.9994042	0.00059583224
0.21412563	0.7858744
0.99848396	0.001516062
0.00061733235	0.9993826
0.99941134	0.0005886292
0.9987218	0.0012782229
0.9989022	0.0010978183
0.00079456414	0.9992054
0.0010686595	0.99893135
0.9994018	0.0005981674
0.9994068	0.0005931561
0.9993962	0.00060380663
0.00078048464	0.99921954
0.9992482	0.00075180514
0.9994242	0.0005757572
0.00071899523	0.999281
0.99942374	0.00057624857
0.0008506467	0.9991493
0.0008820813	0.9991179
0.00061231817	0.9993876
0.9992235	0.00077651127
0.99941325	0.00058672257
0.9993661	0.00063392206
0.9993456	0.0006543997
0.00851321	0.9914868
0.9993906	0.00060937664
0.999424	0.00057610084
0.00063121575	0.99936885
0.99941635	0.0005836488
0.0006741869	0.9993259
0.9994093	0.0005906659
0.99940157	0.0005984543
0.99925965	0.0007402826
0.00062702876	0.999373
0.0025383807	0.99746156
0.99586785	0.004132115
0.99937963	0.0006203588
0.99930775	0.00069223414
0.9994154	0.00058457383
0.99941516	0.00058488204
0.9992467	0.0007533518
0.00059954985	0.9994005
0.99931896	0.0006810461
0.9994211	0.00057884597
0.0007677265	0.9992323
0.0012540568	0.9987459
0.0024955785	0.9975044
0.99540013	0.004599862
0.9994111	0.00058885926
0.9994011	0.00059891766
0.0014778472	0.9985222
0.99939764	0.00060233456
0.99940705	0.0005929622
0.99935704	0.00064293883
0.983045	0.016955018
0.99942917	0.000570822
0.99940455	0.0005954124
0.99936706	0.0006328997
0.0006556732	0.9993443
0.99939966	0.0006002877
0.9992305	0.0007695401
0.64098346	0.3590165
0.9993654	0.0006346681
0.9987999	0.0012001039
0.83588874	0.1641113
0.999037	0.0009630183
0.99940324	0.0005967854
0.000606065	0.99939394
0.9993674	0.0006325805
0.9994135	0.00058652967
0.9993087	0.0006913013
0.999387	0.00061291637
0.000717895	0.9992822
0.99942553	0.00057455455
0.41777706	0.5822229
0.0007339221	0.9992661
0.99934846	0.0006515153
0.00062666135	0.9993734
0.99928385	0.0007161446
0.9994294	0.0005705631
0.9994186	0.0005814496
0.9994192	0.00058086193
0.99920803	0.00079195475
0.00069230545	0.99930763
0.99803954	0.0019605148
0.998904	0.0010960203
0.00067282486	0.9993272
0.99941194	0.0005880892
0.9994142	0.00058578333
0.99837387	0.0016261038
0.9993967	0.0006032915
0.9992606	0.0007393414
0.9993511	0.00064894353
0.9099168	0.09008314
0.999419	0.0005810211
0.99941564	0.0005844248
0.99938655	0.00061342504
0.99525166	0.004748356
0.0006480572	0.9993519
